{"duration": 0.03228354454040527, "input_args": {"file_path": "'test_data_large.pkl'"}, "time": 1722376076.2938395}